Id,median_house_value
0,243916.03
1,248852.33333333334
2,75053.0
3,175142.00666666665
4,51544.0
5,215603.0
6,112365.33666666667
7,103451.33333333333
8,143824.33333333334
9,76442.66666666667
10,271284.01666666666
11,240943.33333333334
12,194651.66666666666
13,200942.33333333334
14,198311.68
15,99109.66666666667
16,96617.66666666667
17,168380.33333333334
18,230414.66666666666
19,459706.5133333333
20,256602.37333333332
21,228029.35666666666
22,51047.333333333336
23,433909.5966666667
24,233115.67
25,99456.0
26,286554.0233333333
27,168101.66666666666
28,79325.33333333333
29,115791.0
30,65099.333333333336
31,296221.68333333335
32,189478.66666666666
33,178221.66666666666
34,119708.66666666667
35,110132.67
36,98354.0
37,136737.0
38,291769.43666666665
39,166138.0
40,142018.0
41,137866.0
42,234441.66666666666
43,217154.33333333334
44,230524.01333333334
45,194526.35
46,268656.00333333336
47,246141.01
48,90747.66333333333
49,109950.0
50,226015.67
51,497201.62666666665
52,240129.68
53,318461.6666666667
54,94820.33333333333
55,346719.07666666666
56,228491.11666666667
57,169532.66666666666
58,373604.06
59,170523.0
60,198116.0
61,186247.0
62,340392.05
63,292606.0133333333
64,200309.00666666665
65,443480.98333333334
66,147422.66666666666
67,89088.66666666667
68,97810.66666666667
69,148773.66666666666
70,121547.66666666667
71,238254.0
72,105204.0
73,252306.67
74,147017.66666666666
75,239751.68666666668
76,129001.0
77,124432.0
78,182855.34333333332
79,220527.34333333332
80,91298.00333333333
81,102339.66666666667
82,232884.0
83,102814.33333333333
84,238461.02333333335
85,130325.0
86,143983.66666666666
87,267417.00333333336
88,130631.0
89,118693.66666666667
90,142973.66666666666
91,165110.0
92,290947.3433333333
93,142521.0
94,289113.68333333335
95,333366.69
96,262381.0
97,468752.33
98,175080.66666666666
99,301000.70666666667
100,274975.3466666667
101,67090.0
102,271240.3433333333
103,309712.3466666667
104,109236.0
105,199518.67
106,174962.33333333334
107,130717.00666666667
108,257725.33333333334
109,57768.323333333334
110,125647.0
111,159520.66666666666
112,158457.00333333333
113,126928.33333333333
114,80000.33333333333
115,253974.34666666668
116,194229.04333333333
117,253421.00666666665
118,93117.66666666667
119,351453.76666666666
120,328742.39
121,138711.66666666666
122,281946.67333333334
123,186115.01
124,147281.66666666666
125,406914.64
126,81018.33333333333
127,115533.33333333333
128,69626.66666666667
129,146988.66666666666
130,126173.33333333333
131,357958.75
132,203816.67
133,353258.42
134,179146.0
135,186332.66666666666
136,70183.33333333333
137,132924.33333333334
138,155154.0
139,154557.33333333334
140,413697.00666666665
141,124229.0
142,235182.04666666666
143,285395.00666666665
144,165664.33333333334
145,185088.69333333333
146,178677.66666666666
147,277168.36
148,270448.67333333334
149,391015.85333333333
150,251548.67333333334
151,190839.00333333333
152,158445.66666666666
153,162713.33333333334
154,207089.0
155,52904.666666666664
156,184194.33333333334
157,318031.7266666667
158,63372.0
159,81635.33333333333
160,143837.67
161,138718.99666666667
162,302368.68
163,72748.66666666667
164,213423.34333333332
165,177104.33333333334
166,388649.94666666666
167,182593.66666666666
168,111580.0
169,75997.66333333333
170,377245.16333333333
171,253099.34333333332
172,332558.69666666666
173,271687.01666666666
174,185325.0
175,356064.44666666666
176,96652.33333333333
177,281129.68666666665
178,188690.33333333334
179,268543.67
180,274531.7
181,385910.71
182,62613.666666666664
183,234837.33666666667
184,227593.70666666667
185,224825.34666666668
186,220764.67
187,232351.34
188,206449.67
189,149508.33333333334
190,118658.66666666667
191,124076.0
192,219927.32333333333
193,169560.66666666666
194,163057.67
195,122746.33333333333
196,212994.33333333334
197,226475.01
198,285056.0133333333
199,214256.00333333333
200,147529.00333333333
201,204774.0
202,314500.68333333335
203,181302.66666666666
204,423241.55
205,214782.0
206,325580.0333333333
207,90890.66666666667
208,123557.66666666667
209,291731.3566666667
210,280898.67
211,422503.0266666667
212,106948.66666666667
213,99642.66666666667
214,148582.66666666666
215,99403.0
216,338812.16333333333
217,279991.0466666667
218,204906.33333333334
219,212318.01
220,228133.00333333333
221,359354.5
222,189360.0
223,262984.34
224,364492.80666666664
225,245121.34666666668
226,166615.33333333334
227,95751.0
228,236871.01333333334
229,383564.09
230,275029.35
231,124201.66666666667
232,492975.5933333333
233,172845.33333333334
234,118455.33333333333
235,323147.36666666664
236,248200.00333333333
237,121916.33333333333
238,198771.0
239,127165.66666666667
240,232184.33333333334
241,442999.18666666665
242,391234.11666666664
243,164982.66666666666
244,89149.66666666667
245,180528.0
246,219422.01
247,298511.74
248,100484.67
249,135303.33333333334
250,159271.0
251,237546.33333333334
252,87907.0
253,255401.33333333334
254,430659.99666666664
255,441215.58
256,221525.0
257,77338.33333333333
258,141065.66666666666
259,251173.67333333334
260,130495.0
261,307701.6766666667
262,122890.66666666667
263,98852.66333333333
264,329945.13333333336
265,264109.6666666667
266,209572.35
267,238738.04666666666
268,151866.66666666666
269,256808.35333333333
270,242895.00666666665
271,181735.66666666666
272,67127.0
273,285222.0133333333
274,96273.66666666667
275,308557.67333333334
276,140910.0
277,123046.66666666667
278,108381.0
279,245087.01
280,441767.1
281,395800.19666666666
282,208071.66666666666
283,219097.03333333333
284,381042.37333333335
285,202845.34333333332
286,240806.00333333333
287,175355.33333333334
288,144662.33333333334
289,159350.33333333334
290,189358.33666666667
291,186092.33333333334
292,184024.33333333334
293,160230.01
294,123663.33333333333
295,152273.66666666666
296,85175.33333333333
297,99428.0
298,83255.33333333333
299,212102.33333333334
300,94761.66666666667
301,229580.67666666667
302,198188.0
303,194668.67
304,207790.66666666666
305,232440.71333333335
306,374823.7166666667
307,453049.43
308,498248.98333333334
309,227353.00333333333
310,254422.34
311,471217.98
312,377454.43
313,144358.00333333333
314,173863.33333333334
315,276165.35333333333
316,263674.38666666666
317,251849.68
318,278885.34
319,267055.76
320,207674.33666666667
321,109708.66666666667
322,262069.74333333335
323,163162.0
324,216097.33666666667
325,261767.11666666667
326,200828.33333333334
327,209187.33333333334
328,261590.33333333334
329,251618.03
330,140286.33333333334
331,200610.0
332,89009.66666666667
333,228103.68
334,238767.37666666668
335,95444.00333333333
336,191556.33333333334
337,451633.4533333333
338,189441.0
339,90872.0
340,317698.4166666667
341,268486.3433333333
342,135151.0
343,119829.66666666667
344,285564.47
345,179219.0
346,306684.0233333333
347,140561.0
348,54694.666666666664
349,157526.33333333334
350,244688.35333333333
351,200849.33666666667
352,339328.7833333333
353,292189.73333333334
354,130715.33333333333
355,397841.4066666667
356,331899.4066666667
357,406711.53
358,141011.33333333334
359,193855.0
360,82373.00666666667
361,149630.33333333334
362,103160.33333333333
363,85968.0
364,119278.0
365,326485.7233333333
366,283464.44666666666
367,145020.0
368,167278.0
369,123304.0
370,249936.0
371,84030.0
372,205306.33333333334
373,95158.0
374,291086.35
375,151639.66666666666
376,175574.33333333334
377,168407.34
378,100561.33333333333
379,213836.33333333334
380,429683.2966666667
381,212075.0
382,197953.34
383,97923.33333333333
384,105721.67
385,176242.0
386,117244.66666666667
387,182090.35333333333
388,242890.33666666667
389,217244.66666666666
390,169052.33666666667
391,58391.333333333336
392,271556.3333333333
393,422841.4033333333
394,101135.0
395,104284.0
396,197140.36
397,85051.66666666667
398,134758.33333333334
399,242100.01
400,424204.63
401,143856.66666666666
402,281060.3333333333
403,120716.33333333333
404,198552.00666666665
405,359466.75333333336
406,230928.69
407,243052.34333333332
408,319769.7
409,245756.00333333333
410,140892.0
411,240574.11666666667
412,87638.0
413,241351.33333333334
414,90701.66666666667
415,391305.16333333333
416,394189.2766666667
417,72773.0
418,337664.68333333335
419,257416.68333333332
420,273525.68666666665
421,288116.3433333333
422,192229.67
423,167186.66666666666
424,306933.1433333333
425,150610.66666666666
426,283206.39
427,209884.34
428,223903.34666666668
429,160549.00666666665
430,133559.33333333334
431,103750.33333333333
432,169862.33333333334
433,260083.33666666667
434,224433.33666666667
435,56763.333333333336
436,98640.66666666667
437,313894.0
438,230269.67
439,148534.0
440,295057.0133333333
441,206710.0
442,225318.66666666666
443,387911.56666666665
444,289187.00333333336
445,129972.66666666667
446,182545.00333333333
447,314989.05666666664
448,103408.33333333333
449,173270.66666666666
450,166829.0
451,141495.33333333334
452,74875.66666666667
453,227251.68333333332
454,218069.37
455,237582.67
456,246322.0
457,163550.0
458,286522.35333333333
459,121040.66666666667
460,170034.0
461,80264.0
462,130333.66666666667
463,249232.33333333334
464,453642.86333333334
465,158098.0
466,160384.0
467,224539.34
468,457040.5233333333
469,248214.67
470,156364.33333333334
471,133022.0
472,261558.33333333334
473,286601.3566666667
474,222967.33333333334
475,169545.0
476,100680.66666666667
477,380588.88333333336
478,396143.2633333333
479,214948.01333333334
480,105701.0
481,185004.33333333334
482,300214.35333333333
483,177214.33333333334
484,200128.68666666668
485,269368.33666666667
486,276434.0133333333
487,234657.00666666665
488,467925.6766666667
489,120791.0
490,148642.0
491,217289.0
492,140851.33333333334
493,163697.01666666666
494,92461.0
495,227451.00666666665
496,116233.66666666667
497,115773.66666666667
498,364962.11
499,321819.0333333333
500,83016.66666666667
501,360529.74666666664
502,121933.66666666667
503,307359.0733333333
504,297632.00666666665
505,79426.66666666667
506,186899.66666666666
507,168295.66666666666
508,249536.0
509,457778.03
510,227750.36
511,142350.33333333334
512,388138.0933333333
513,103783.66666666667
514,165909.66666666666
515,170767.66666666666
516,124206.66666666667
517,374860.0733333333
518,339434.68666666665
519,156608.33333333334
520,243848.72333333333
521,110240.02
522,244481.0
523,174689.33333333334
524,330830.05333333334
525,192042.0
526,190103.33333333334
527,394893.49
528,175340.33333333334
529,188251.0
530,199992.66666666666
531,244102.0
532,151442.33333333334
533,119037.33333333333
534,167583.33333333334
535,145772.0
536,119968.66666666667
537,439725.74333333335
538,175610.33333333334
539,130804.0
540,117098.33333333333
541,359331.7133333333
542,79134.33333333333
543,255696.00333333333
544,283942.69666666666
545,158363.66666666666
546,107908.67666666667
547,127703.33333333333
548,100169.66666666667
549,183577.67
550,189681.67
551,119835.33333333333
552,220736.34
553,212559.67
554,97307.33333333333
555,242341.34666666668
556,112370.0
557,294775.0266666667
558,150073.0
559,149097.66666666666
560,147609.33333333334
561,174898.33333333334
562,254242.01666666666
563,214803.66666666666
564,311003.05
565,287139.3566666667
566,208160.41
567,247289.67
568,222290.67333333334
569,172096.33333333334
570,124759.33333333333
571,120370.33333333333
572,321522.04333333333
573,116941.66666666667
574,330851.69333333336
575,177452.66666666666
576,150888.0
577,257758.00666666665
578,161577.33666666667
579,142938.33333333334
580,496014.62333333335
581,207616.66666666666
582,172673.33333333334
583,138520.66666666666
584,146200.33333333334
585,224206.66666666666
586,147690.0
587,241956.66666666666
588,121388.34333333334
589,327994.00666666665
590,153645.33333333334
591,198704.0
592,122550.0
593,163441.33333333334
594,100722.0
595,75935.66
596,186761.33666666667
597,308828.34
598,296572.4166666667
599,161143.66666666666
600,77872.66666666667
601,185989.33333333334
602,58114.323333333334
603,211843.00333333333
604,139970.33333333334
605,85305.66666666667
606,496500.93666666665
607,101642.0
608,399874.58666666667
609,153381.33333333334
610,334372.01666666666
611,131493.66666666666
612,159146.0
613,279832.37333333335
614,279870.69666666666
615,338304.4733333333
616,200249.33666666667
617,399255.18
618,161069.0
619,254550.36
620,227388.35333333333
621,128034.33333333333
622,128609.33333333333
623,396630.1066666667
624,177796.66666666666
625,160565.0
626,160100.34
627,139894.33333333334
628,69513.99666666667
629,182022.33333333334
630,224133.36333333334
631,82559.33333333333
632,200509.35
633,169804.33333333334
634,214140.33333333334
635,285182.0366666667
636,63377.666666666664
637,286847.36666666664
638,496553.2866666667
639,132460.0
640,279560.0
641,304474.37666666665
642,160897.0
643,180625.0
644,155336.33333333334
645,171388.0
646,117835.66666666667
647,127927.66666666667
648,242137.33666666667
649,268634.01666666666
650,204250.00666666665
651,176994.66666666666
652,187541.66666666666
653,207652.66666666666
654,140421.33333333334
655,134677.0
656,245100.02666666667
657,156808.0
658,200903.66666666666
659,203787.33333333334
660,195483.0
661,111666.36
662,137195.0
663,204140.01
664,231895.67
665,108566.0
666,212994.69
667,183345.33333333334
668,65629.33333333333
669,241048.0
670,213388.00333333333
671,210377.67333333334
672,141333.0
673,56375.333333333336
674,183448.34333333332
675,141651.33333333334
676,160794.66666666666
677,271007.1766666667
678,65249.0
679,207888.33333333334
680,116125.33333333333
681,261283.33333333334
682,124247.33
683,115618.0
684,339025.18333333335
685,185073.0
686,246440.03333333333
687,211956.00666666665
688,160260.0
689,147354.0
690,212855.01666666666
691,82935.33333333333
692,385279.11
693,361535.45666666667
694,113050.66666666667
695,66897.0
696,178998.66666666666
697,139776.00333333333
698,267506.67333333334
699,202597.66666666666
700,71947.66666666667
701,315531.6766666667
702,135362.33333333334
703,214043.33333333334
704,255787.33333333334
705,278264.67333333334
706,162948.33333333334
707,273939.3466666667
708,212451.66666666666
709,481694.0933333333
710,182316.0
711,357594.68333333335
712,334536.06
713,271255.68666666665
714,265835.0233333333
715,273899.36666666664
716,305871.37333333335
717,196706.66666666666
718,361317.70666666667
719,249032.0
720,290160.05666666664
721,85743.0
722,195447.01
723,189182.0
724,347083.05
725,188983.33333333334
726,187247.0
727,140353.66666666666
728,110045.66666666667
729,287423.38
730,424595.0233333333
731,310166.7233333333
732,163102.0
733,113960.33333333333
734,167890.33333333334
735,169337.66666666666
736,306795.7166666667
737,228373.33666666667
738,136635.33333333334
739,243621.00333333333
740,138454.33333333334
741,361290.05333333334
742,176933.0
743,235901.0
744,166839.33333333334
745,330767.3933333333
746,71364.66666666667
747,101367.33333333333
748,223452.66666666666
749,351409.12666666665
750,124042.32666666666
751,300148.00333333336
752,122569.0
753,108742.0
754,291794.36333333334
755,123261.0
756,401610.0266666667
757,93442.0
758,288072.35333333333
759,264112.02
760,364529.86666666664
761,412589.41333333333
762,71687.0
763,173127.0
764,217611.0
765,90168.99333333333
766,162469.33333333334
767,134829.66666666666
768,212644.33333333334
769,407445.0
770,53404.0
771,150887.66666666666
772,200201.66666666666
773,49132.333333333336
774,386044.78
775,202169.66666666666
776,232056.33333333334
777,178110.0
778,124951.66666666667
779,172640.0
780,279794.3333333333
781,232548.66666666666
782,236838.33333333334
783,216719.33666666667
784,126325.0
785,347982.35333333333
786,494437.55666666664
787,135421.66666666666
788,110269.66666666667
789,266794.00333333336
790,124952.33333333333
791,291611.35
792,167633.33333333334
793,251745.33666666667
794,238728.66666666666
795,113770.66666666667
796,238158.67
797,117647.66666666667
798,230704.0
799,207221.66666666666
800,482376.48333333334
801,243146.67333333334
802,143726.66666666666
803,132667.66666666666
804,131543.33333333334
805,62801.333333333336
806,277083.6766666667
807,352919.76666666666
808,167640.66666666666
809,177354.66666666666
810,455648.44
811,295338.36666666664
812,126243.66666666667
813,239934.67
814,75883.99666666667
815,52368.32666666667
816,103730.33333333333
817,97831.33333333333
818,358713.0833333333
819,101143.33333333333
820,148132.04
821,143999.33333333334
822,181670.66666666666
823,323646.74666666664
824,150015.33333333334
825,267613.01666666666
826,408168.64666666667
827,119404.0
828,118197.0
829,176806.0
830,371352.58666666667
831,214815.33666666667
832,397754.7866666667
833,224525.67333333334
834,79265.66666666667
835,150530.0
836,103476.0
837,151468.67
838,276572.68333333335
839,253284.00666666665
840,214768.69
841,224669.33666666667
842,268051.3333333333
843,201103.66666666666
844,105992.33333333333
845,183549.0
846,71082.67
847,179058.66666666666
848,166352.33333333334
849,111497.33333333333
850,79057.0
851,139964.0
852,163410.0
853,258645.36333333334
854,218931.33666666667
855,313642.4066666667
856,166293.33666666667
857,248247.33333333334
858,160335.66666666666
859,294658.05
860,142592.0
861,190830.66666666666
862,61713.333333333336
863,220950.33666666667
864,173856.0
865,229200.01
866,151497.33333333334
867,154124.33333333334
868,210157.66666666666
869,206252.00666666665
870,217755.0
871,119281.0
872,364284.4866666667
873,66366.0
874,142772.66666666666
875,183590.66666666666
876,187310.33333333334
877,107688.0
878,196790.66666666666
879,407628.88
880,304364.0466666667
881,153938.0
882,224908.01
883,185072.33333333334
884,145424.66666666666
885,81322.33333333333
886,317905.0266666667
887,234889.33333333334
888,238775.67
889,86411.99333333333
890,83027.33333333333
891,154289.66666666666
892,300763.75666666665
893,291597.0233333333
894,211761.0
895,143793.0
896,161051.0
897,102158.33333333333
898,86616.33333333333
899,412491.64666666667
900,244442.03
901,373571.93333333335
902,82666.66666666667
903,253951.35
904,107208.66666666667
905,179779.00333333333
906,75651.99
907,142551.66666666666
908,135251.00333333333
909,209458.33333333334
910,253902.68333333332
911,216420.66666666666
912,198151.66666666666
913,229160.66666666666
914,135784.33333333334
915,196186.33333333334
916,194222.0
917,222225.00333333333
918,248096.33666666667
919,163682.33666666667
920,163377.33333333334
921,89191.0
922,474428.05333333334
923,263757.3433333333
924,171707.67
925,169631.66666666666
926,235127.00333333333
927,106519.66666666667
928,70573.66666666667
929,69417.33333333333
930,217905.01666666666
931,373270.4033333333
932,174542.33333333334
933,415540.72
934,422358.36
935,165712.33666666667
936,180063.33333333334
937,88957.33333333333
938,300739.69666666666
939,294172.35333333333
940,379799.4666666667
941,74589.33333333333
942,429618.6
943,179338.33333333334
944,97583.66666666667
945,499384.32666666666
946,177975.33333333334
947,128696.66666666667
948,314082.01
949,178663.0
950,73054.66666666667
951,111398.0
952,138275.66666666666
953,78175.33333333333
954,110765.33333333333
955,274227.67333333334
956,301692.0233333333
957,201903.33333333334
958,202318.0
959,86308.0
960,82528.33333333333
961,166459.0
962,314184.0133333333
963,75425.66666666667
964,122176.0
965,235293.68666666668
966,88823.0
967,353219.34
968,293636.38666666666
969,199841.66666666666
970,270481.3433333333
971,273354.34
972,140978.0
973,176570.33333333334
974,266460.33666666667
975,353879.4066666667
976,210681.0
977,258011.0
978,315721.3566666667
979,149306.66666666666
980,189758.66666666666
981,309089.70666666667
982,225232.33333333334
983,343255.1
984,107636.33333333333
985,164523.33333333334
986,186852.66666666666
987,150861.66666666666
988,296626.00333333336
989,120665.33333333333
990,231333.35
991,150695.00333333333
992,145303.66666666666
993,153802.66666666666
994,191834.66666666666
995,126242.66666666667
996,199018.66666666666
997,137922.33333333334
998,391543.26
999,101790.33333333333
1000,162864.33333333334
1001,117921.33333333333
1002,115411.66666666667
1003,246522.33333333334
1004,151420.33333333334
1005,311920.06333333335
1006,124190.66666666667
1007,141920.33333333334
1008,215266.35333333333
1009,224279.68666666668
1010,206353.33333333334
1011,399545.95
1012,126014.0
1013,376652.9033333333
1014,139105.33333333334
1015,119767.66666666667
1016,279248.3333333333
1017,111702.33333333333
1018,208867.33666666667
1019,288824.01
1020,139667.0
1021,495418.29
1022,489342.85333333333
1023,263662.67
1024,180909.0
1025,128843.66666666667
1026,158907.66666666666
1027,167790.33333333334
1028,165715.66666666666
1029,68869.66666666667
1030,189371.00666666665
1031,392967.54333333333
1032,97233.0
1033,70338.66666666667
1034,279869.34
1035,51964.666666666664
1036,213502.66666666666
1037,210846.66666666666
1038,410789.87
1039,347131.04333333333
1040,132020.0
1041,163152.33333333334
1042,113791.66666666667
1043,288584.3433333333
1044,137395.0
1045,218589.70666666667
1046,157181.33333333334
1047,107991.0
1048,139403.66666666666
1049,153389.66666666666
1050,157872.00666666665
1051,476281.75
1052,209435.35333333333
1053,243320.33666666667
1054,133680.33333333334
1055,160871.00333333333
1056,290234.05
1057,126037.0
1058,224802.35
1059,92622.33333333333
1060,88368.66666666667
1061,275541.6666666667
1062,110397.0
1063,301256.6766666667
1064,211239.33333333334
1065,75287.66666666667
1066,194838.66666666666
1067,229836.33333333334
1068,89612.33333333333
1069,169566.0
1070,174150.66666666666
1071,127596.0
1072,237966.00333333333
1073,97172.66666666667
1074,322119.04333333333
1075,134247.99666666667
1076,147458.33333333334
1077,177829.0
1078,118280.0
1079,152602.33333333334
1080,410089.63333333336
1081,146552.0
1082,101365.33333333333
1083,331243.4633333333
1084,150025.0
1085,150039.33333333334
1086,217014.00333333333
1087,340757.74666666664
1088,337679.43333333335
1089,377105.43333333335
1090,210954.34333333332
1091,152761.67333333334
1092,201437.67
1093,494047.62333333335
1094,228966.67
1095,345699.05333333334
1096,90090.0
1097,245080.34666666668
1098,351589.7366666667
1099,229940.36
1100,80431.33333333333
1101,226731.68666666668
1102,217940.00333333333
1103,317041.7
1104,217014.66666666666
1105,196898.33333333334
1106,152371.0
1107,348558.4766666667
1108,288150.01
1109,87140.33333333333
1110,252331.73
1111,191617.33333333334
1112,237406.66666666666
1113,207276.33333333334
1114,288646.38666666666
1115,130537.66666666667
1116,115430.0
1117,207886.67
1118,150691.33333333334
1119,242198.0
1120,203244.0
1121,244132.0
1122,125591.33333333333
1123,102224.66666666667
1124,317824.37333333335
1125,92485.33333333333
1126,181001.66666666666
1127,278064.00333333336
1128,305267.06666666665
1129,81399.66666666667
1130,134079.66666666666
1131,424482.28
1132,71424.66666666667
1133,227805.03333333333
1134,377586.44333333336
1135,297696.02
1136,136987.33333333334
1137,174268.33333333334
1138,478489.3933333333
1139,130016.01333333334
1140,172321.33333333334
1141,272096.35333333333
1142,252584.67333333334
1143,116845.0
1144,201537.00333333333
1145,83989.66666666667
1146,224455.66666666666
1147,217954.67666666667
1148,58971.66
1149,77859.33333333333
1150,182420.33333333334
1151,134646.33333333334
1152,115613.33333333333
1153,252062.36333333334
1154,161076.33333333334
1155,435519.48
1156,54428.333333333336
1157,144149.0
1158,288381.04333333333
1159,200533.33333333334
1160,66915.33333333333
1161,100678.33333333333
1162,254375.68
1163,85945.66666666667
1164,215015.0
1165,213251.01
1166,231160.00333333333
1167,195116.66666666666
1168,197671.34
1169,193829.66666666666
1170,209154.00333333333
1171,57414.333333333336
1172,213117.67333333334
1173,252972.34333333332
1174,239222.0
1175,409288.46
1176,95638.66666666667
1177,199516.33333333334
1178,146122.33333333334
1179,296090.01666666666
1180,383521.06
1181,283084.38666666666
1182,116216.0
1183,187015.0
1184,178684.66666666666
1185,202681.33333333334
1186,222925.00666666665
1187,335597.00666666665
1188,115292.00333333333
1189,210086.34
1190,341120.38
1191,207527.33333333334
1192,210826.66666666666
1193,211265.00333333333
1194,60099.666666666664
1195,91617.00666666667
1196,229460.67333333334
1197,158194.66666666666
1198,182936.33666666667
1199,380523.29333333333
1200,123991.0
1201,257097.68666666668
1202,195403.01
1203,291216.35333333333
1204,122438.66333333333
1205,208365.01
1206,247659.01666666666
1207,81228.33333333333
1208,91569.0
1209,94533.0
1210,184004.33333333334
1211,120314.0
1212,466305.32
1213,148412.0
1214,124236.0
1215,389551.4866666667
1216,307001.08666666667
1217,193234.0
1218,226918.00333333333
1219,173224.37333333332
1220,89803.33333333333
1221,312596.69666666666
1222,196725.33333333334
1223,272942.35333333333
1224,208743.34333333332
1225,242424.67666666667
1226,136804.99666666667
1227,107673.33333333333
1228,458118.5233333333
1229,301769.3566666667
1230,162548.66666666666
1231,111959.33333333333
1232,354191.73
1233,157482.33333333334
1234,357044.3933333333
1235,73281.0
1236,99679.0
1237,181995.0
1238,102714.0
1239,298450.37333333335
1240,326953.35333333333
1241,141264.33333333334
1242,198326.67
1243,212145.00333333333
1244,202479.33333333334
1245,96512.0
1246,230544.34
1247,351458.38
1248,168379.0
1249,317259.08
1250,116503.0
1251,369217.85333333333
1252,234558.66666666666
1253,165283.34333333332
1254,110036.33333333333
1255,437236.77
1256,110369.66666666667
1257,106837.0
1258,239849.01333333334
1259,419804.26666666666
1260,160360.66666666666
1261,118381.33666666667
1262,318692.05666666664
1263,217821.33333333334
1264,120116.66666666667
1265,200615.33333333334
1266,294749.7166666667
1267,185374.33333333334
1268,336868.68333333335
1269,247312.06666666668
1270,213453.04666666666
1271,231133.36333333334
1272,125867.33333333333
1273,419355.57
1274,366540.7733333333
1275,362765.2833333333
1276,342730.12333333335
1277,102096.66666666667
1278,266761.33666666667
1279,200851.68
1280,105398.0
1281,85047.33333333333
1282,113370.33333333333
1283,124278.33333333333
1284,115457.66666666667
1285,246643.67666666667
1286,170164.00333333333
1287,153476.0
1288,63594.666666666664
1289,239624.0
1290,98706.33333333333
1291,107015.33333333333
1292,268522.33666666667
1293,164816.66666666666
1294,205560.33333333334
1295,97040.33333333333
1296,147829.33666666667
1297,126988.0
1298,379843.11666666664
1299,120802.33333333333
1300,282290.00666666665
1301,150811.33333333334
1302,182764.33333333334
1303,252594.34333333332
1304,223525.66666666666
1305,464257.62333333335
1306,86208.33333333333
1307,123691.66666666667
1308,177468.66666666666
1309,118412.67
1310,174425.66666666666
1311,439110.0333333333
1312,160859.00333333333
1313,108303.66666666667
1314,197675.33333333334
1315,270124.3333333333
1316,349475.38666666666
1317,166791.66666666666
1318,132307.66666666666
1319,272016.75666666665
1320,499856.32666666666
1321,489147.8233333333
1322,124045.33333333333
1323,210945.33333333334
1324,55176.333333333336
1325,283674.05333333334
1326,278865.18
1327,153635.66666666666
1328,179179.33333333334
1329,63539.666666666664
1330,220023.33333333334
1331,345645.4266666667
1332,362891.78
1333,130394.33333333333
1334,235771.66666666666
1335,61624.66
1336,250624.35666666666
1337,185788.34666666668
1338,111726.0
1339,197385.33666666667
1340,299119.36
1341,135714.66666666666
1342,167951.67333333334
1343,219193.33333333334
1344,96809.33333333333
1345,99823.0
1346,390446.4733333333
1347,294721.34
1348,278480.00333333336
1349,216848.0
1350,448391.13333333336
1351,347915.74333333335
1352,328841.43333333335
1353,154990.0
1354,258590.0
1355,150332.66666666666
1356,136182.0
1357,171517.67666666667
1358,76953.0
1359,261285.03333333333
1360,178737.0
1361,80632.33333333333
1362,98571.33333333333
1363,74634.0
1364,420608.31666666665
1365,151401.03
1366,94671.0
1367,292781.03
1368,199828.66666666666
1369,68140.66666666667
1370,116670.00333333333
1371,61255.0
1372,174594.0
1373,434331.9733333333
1374,302538.37333333335
1375,142664.0
1376,258431.69333333333
1377,178023.66666666666
1378,241546.66666666666
1379,267398.67333333334
1380,430272.6
1381,249978.34
1382,123395.00333333333
1383,206859.33666666667
1384,151857.66666666666
1385,424988.0
1386,109583.66666666667
1387,151998.66666666666
1388,324101.4066666667
1389,167313.66666666666
1390,299528.34
1391,102378.66666666667
1392,153038.66666666666
1393,158171.33666666667
1394,78814.66666666667
1395,209664.01333333334
1396,145800.00333333333
1397,276081.04
1398,298605.6766666667
1399,69874.0
1400,181704.33666666667
1401,365716.74
1402,370075.8
1403,239749.00333333333
1404,82851.33333333333
1405,166846.33666666667
1406,133067.0
1407,91582.33333333333
1408,138574.33333333334
1409,143126.66666666666
1410,312698.0933333333
1411,168960.66666666666
1412,102794.62
1413,286289.68666666665
1414,149870.34333333332
1415,60307.666666666664
1416,104255.0
1417,242056.0
1418,126560.33333333333
1419,118597.0
1420,176090.0
1421,215781.34333333332
1422,157448.66666666666
1423,408290.25666666665
1424,392789.4733333333
1425,140064.33333333334
1426,196012.0
1427,371132.0366666667
1428,213171.02
1429,228050.67333333334
1430,168766.0
1431,118603.0
1432,225977.66666666666
1433,90241.33333333333
1434,300626.67
1435,117673.66666666667
1436,58095.333333333336
1437,438278.64
1438,218661.33666666667
1439,167981.00666666665
1440,105939.33333333333
1441,310564.75666666665
1442,95306.97666666667
1443,205196.67
1444,224358.33666666667
1445,276140.38
1446,194941.33333333334
1447,372649.79333333333
1448,80520.33333333333
1449,144115.0
1450,111070.66666666667
1451,487366.18
1452,390368.5
1453,115736.66333333333
1454,238504.44333333333
1455,225320.33333333334
1456,282902.0233333333
1457,105430.0
1458,217200.67333333334
1459,192473.67
1460,167089.33333333334
1461,275762.3333333333
1462,169116.00333333333
1463,192847.0
1464,166904.33333333334
1465,176481.0
1466,240518.36
1467,137656.0
1468,413600.87
1469,117775.00333333333
1470,198409.67666666667
1471,220996.66666666666
1472,106911.66666666667
1473,127738.66666666667
1474,298364.50666666665
1475,267188.35
1476,164955.0
1477,168648.33333333334
1478,101667.0
1479,113985.33333333333
1480,442741.13666666666
1481,244493.0
1482,204729.66666666666
1483,188105.66666666666
1484,230290.36666666667
1485,294437.0366666667
1486,113751.33333333333
1487,476657.1
1488,325993.38333333336
1489,247223.37
1490,159249.0
1491,150221.66666666666
1492,68321.33333333333
1493,267240.05666666664
1494,124083.33333333333
1495,393041.2166666667
1496,139360.66666666666
1497,405235.12
1498,198420.34
1499,337967.44333333336
1500,133262.33333333334
1501,65041.333333333336
1502,204664.0
1503,268498.33666666667
1504,204773.33666666667
1505,131355.66666666666
1506,100132.66666666667
1507,352400.3566666667
1508,303864.4733333333
1509,126823.0
1510,254838.02666666667
1511,198165.66666666666
1512,131660.33333333334
1513,58292.333333333336
1514,343477.00666666665
1515,152126.0
1516,140631.66666666666
1517,134592.67
1518,56472.666666666664
1519,115388.0
1520,210848.00666666665
1521,301881.37333333335
1522,356129.04
1523,80136.96666666666
1524,157095.66666666666
1525,217752.41666666666
1526,126963.33333333333
1527,377724.75
1528,81948.66666666667
1529,161727.66666666666
1530,54365.333333333336
1531,101210.33333333333
1532,295709.0233333333
1533,304805.4166666667
1534,123945.33333333333
1535,389139.44
1536,80987.66666666667
1537,191700.66666666666
1538,379340.6666666667
1539,219456.67333333334
1540,279242.00666666665
1541,98408.66666666667
1542,86031.33
1543,203963.00333333333
1544,399364.61333333334
1545,81421.0
1546,228466.00333333333
1547,128555.0
1548,199887.33333333334
1549,68894.33333333333
1550,223019.34
1551,497301.63333333336
1552,122893.66666666667
1553,302749.01
1554,94706.0
1555,286689.03
1556,316798.44666666666
1557,265985.3933333333
1558,186522.33333333334
1559,80097.66666666667
1560,76623.33333333333
1561,210395.33333333334
1562,294843.0333333333
1563,190647.0
1564,167820.33333333334
1565,113136.66666666667
1566,268937.6666666667
1567,249278.69
1568,364410.81666666665
1569,262181.7
1570,210798.33666666667
1571,276682.8233333333
1572,176482.66666666666
1573,316736.70666666667
1574,266827.37666666665
1575,101425.33333333333
1576,116312.33333333333
1577,111796.33333333333
1578,94768.66666666667
1579,204526.35
1580,234104.33333333334
1581,184214.66666666666
1582,156009.33666666667
1583,373976.78
1584,249268.7
1585,100599.33333333333
1586,212642.66666666666
1587,295873.69333333336
1588,150020.66666666666
1589,490966.88333333336
1590,326328.08
1591,259301.7
1592,186795.33333333334
1593,121955.66666666667
1594,249243.68666666668
1595,395973.58
1596,254269.70333333334
1597,136816.33333333334
1598,132931.0
1599,137554.33333333334
1600,147385.33333333334
1601,220256.66666666666
1602,94493.33333333333
1603,146268.33333333334
1604,121143.0
1605,246144.0
1606,60357.0
1607,96109.66666666667
1608,78062.66666666667
1609,104783.0
1610,207044.0
1611,245046.36333333334
1612,280125.0133333333
1613,114973.33333333333
1614,353339.06333333335
1615,196113.00666666665
1616,328661.0266666667
1617,84165.66666666667
1618,220167.67666666667
1619,190962.33333333334
1620,221725.67333333334
1621,319563.7366666667
1622,400830.16333333333
1623,96944.33333333333
1624,88571.66666666667
1625,116263.0
1626,472652.7
1627,478483.8933333333
1628,230943.39333333334
1629,90814.66666666667
1630,475323.37666666665
1631,101995.0
1632,309909.69666666666
1633,80523.33333333333
1634,69160.66666666667
1635,254442.0
1636,237643.67
1637,129917.0
1638,103777.33333333333
1639,394374.43333333335
1640,121521.33333333333
1641,67432.66666666667
1642,52892.66
1643,455734.17
1644,246740.69666666666
1645,307585.34
1646,346847.41333333333
1647,452113.8
1648,92930.33333333333
1649,107298.0
1650,270732.6666666667
1651,338130.05333333334
1652,149362.0
1653,274883.41
1654,169912.0
1655,289758.34
1656,170586.00333333333
1657,177548.66666666666
1658,54719.333333333336
1659,149290.33666666667
1660,181220.0
1661,137019.66666666666
1662,219441.33333333334
1663,283043.01666666666
1664,289117.3433333333
1665,193907.66666666666
1666,191391.00333333333
1667,351446.7866666667
1668,171842.70333333334
1669,148185.33333333334
1670,286932.01
1671,87052.99666666667
1672,295009.01
1673,174398.0
1674,123731.66666666667
1675,86904.66666666667
1676,166723.33333333334
1677,223795.0
1678,306389.3466666667
1679,289253.6666666667
1680,105551.0
1681,165980.00333333333
1682,166944.66666666666
1683,265780.69666666666
1684,301890.07
1685,304670.0266666667
1686,81301.66666666667
1687,280212.6666666667
1688,320674.7133333333
1689,216729.37
1690,108717.33333333333
1691,128678.0
1692,267385.0133333333
1693,246643.33666666667
1694,159391.33333333334
1695,236197.66666666666
1696,202836.33333333334
1697,173769.69333333333
1698,98070.0
1699,94881.33333333333
1700,142362.33333333334
1701,109952.0
1702,173629.33333333334
1703,246816.35
1704,124915.0
1705,172682.0
1706,228107.67
1707,125490.00333333333
1708,102593.66666666667
1709,286295.0266666667
1710,145717.0
1711,168325.33333333334
1712,120869.99
1713,166059.0
1714,372977.86
1715,286514.68333333335
1716,181134.33333333334
1717,154981.0
1718,76601.66666666667
1719,250628.33666666667
1720,245056.0
1721,126826.0
1722,338880.6766666667
1723,120130.33333333333
1724,329969.01666666666
1725,254261.33333333334
1726,85528.66666666667
1727,86926.98
1728,89330.66666666667
1729,201376.33333333334
1730,191843.33333333334
1731,168383.33333333334
1732,254664.00333333333
1733,397903.83
1734,186907.68666666668
1735,170302.66666666666
1736,64513.333333333336
1737,140238.33333333334
1738,168679.07
1739,255685.35
1740,209063.33333333334
1741,198203.0
1742,173835.33333333334
1743,250361.33333333334
1744,183813.33333333334
1745,208176.0
1746,132275.33333333334
1747,157011.66666666666
1748,345091.3933333333
1749,324303.4033333333
1750,183391.66666666666
1751,87018.0
1752,348007.2266666667
1753,100576.0
1754,175141.34333333332
1755,230845.38666666666
1756,107838.0
1757,171462.0
1758,175933.0
1759,309232.07
1760,200694.33666666667
1761,295166.44666666666
1762,213765.66666666666
1763,309532.35
1764,238805.66666666666
1765,105404.0
1766,174627.0
1767,81134.66666666667
1768,372218.9166666667
1769,345034.43
1770,132441.33333333334
1771,408583.7866666667
1772,60686.666666666664
1773,262370.68
1774,229849.33333333334
1775,154717.66666666666
1776,155901.0
1777,177368.0
1778,258185.66666666666
1779,237129.33333333334
1780,104474.33333333333
1781,286671.3333333333
1782,179464.66666666666
1783,172122.33333333334
1784,299013.73
1785,74553.0
1786,209901.00333333333
1787,147351.0
1788,156148.00333333333
1789,271343.70666666667
1790,163508.66666666666
1791,135038.67
1792,146081.33333333334
1793,237180.34666666668
1794,82770.34
1795,328571.42
1796,182971.33333333334
1797,213115.34333333332
1798,168226.66666666666
1799,372931.19
1800,461842.86666666664
1801,223406.67666666667
1802,371495.7266666667
1803,340858.00666666665
1804,128439.69333333333
1805,76246.0
1806,199019.33333333334
1807,89704.0
1808,210557.33666666667
1809,151434.33333333334
1810,236251.72333333333
1811,162258.66666666666
1812,133460.0
1813,188228.67
1814,250080.03
1815,100934.66666666667
1816,208387.34
1817,202024.67
1818,110267.0
1819,164876.66666666666
1820,179914.33333333334
1821,234527.66666666666
1822,261575.34
1823,215100.0
1824,157465.33333333334
1825,119577.66666666667
1826,86829.33333333333
1827,154379.0
1828,158586.67
1829,223464.04666666666
1830,126413.33333333333
1831,176632.00666666665
1832,256128.00333333333
1833,158158.66666666666
1834,333244.73
1835,88590.66666666667
1836,168072.0
1837,115875.66666666667
1838,56521.0
1839,98584.66666666667
1840,114817.33
1841,160695.0
1842,215193.66666666666
1843,79824.66666666667
1844,70100.33333333333
1845,151146.66666666666
1846,116456.66666666667
1847,111748.66666666667
1848,83773.66666666667
1849,73984.0
1850,323652.35333333333
1851,170665.66666666666
1852,191709.37
1853,201733.67666666667
1854,264454.67
1855,155727.66666666666
1856,197483.66666666666
1857,95749.0
1858,173091.33333333334
1859,363791.4033333333
1860,188165.33333333334
1861,287347.36666666664
1862,389018.80666666664
1863,308141.7166666667
1864,92208.66666666667
1865,190784.33333333334
1866,128313.66666666667
1867,98534.66666666667
1868,254804.06333333332
1869,364324.39666666667
1870,339967.37333333335
1871,158955.33333333334
1872,82176.33333333333
1873,246835.00333333333
1874,213455.67666666667
1875,116039.0
1876,113517.66666666667
1877,71694.0
1878,135141.66666666666
1879,403006.60333333333
1880,77430.66333333333
1881,53120.333333333336
1882,298122.9066666667
1883,331037.3566666667
1884,93649.66666666667
1885,90536.33333333333
1886,286430.69333333336
1887,101258.66666666667
1888,359951.06666666665
1889,172324.66666666666
1890,368042.97
1891,106991.33333333333
1892,199392.33333333334
1893,423468.44666666666
1894,232631.66666666666
1895,60646.666666666664
1896,277238.38666666666
1897,437587.7766666667
1898,146400.66666666666
1899,155586.66666666666
1900,60260.666666666664
1901,197914.0
1902,301607.01666666666
1903,322822.85333333333
1904,418030.31666666665
1905,88471.0
1906,123882.66666666667
1907,272294.0
1908,97732.66666666667
1909,120585.0
1910,411473.38
1911,231814.33333333334
1912,402207.81666666665
1913,355175.74333333335
1914,352410.7966666667
1915,301795.06666666665
1916,220196.0
1917,261595.33333333334
1918,274194.68666666665
1919,262119.66666666666
1920,362416.4033333333
1921,215498.02
1922,191866.0
1923,491368.19
1924,132183.34333333332
1925,323188.01
1926,256648.33333333334
1927,264421.6666666667
1928,154576.33333333334
1929,172168.01333333334
1930,173419.33333333334
1931,125433.66666666667
1932,214355.66666666666
1933,374970.86666666664
1934,228096.34333333332
1935,340592.41
1936,232499.0
1937,389175.82666666666
1938,111487.33333333333
1939,217776.0
1940,115854.66
1941,52792.666666666664
1942,137022.0
1943,73642.0
1944,114416.33333333333
1945,269059.3333333333
1946,250787.01
1947,376335.1433333333
1948,128734.33333333333
1949,216771.35
1950,294226.67333333334
1951,151393.66666666666
1952,152230.67
1953,336148.4633333333
1954,126936.66666666667
1955,222799.67666666667
1956,120078.33333333333
1957,88488.0
1958,157205.33333333334
1959,267432.6666666667
1960,293037.7366666667
1961,161624.66666666666
1962,176080.66666666666
1963,386283.4733333333
1964,453485.91333333333
1965,156698.33333333334
1966,418928.65
1967,193738.67
1968,225387.69
1969,122210.33666666667
1970,199707.33333333334
1971,273077.3333333333
1972,161643.0
1973,82177.0
1974,160898.0
1975,127956.0
1976,172206.0
1977,292707.01
1978,271025.7766666667
1979,121262.0
1980,107376.0
1981,418726.5933333333
1982,73056.0
1983,250609.71
1984,338445.04333333333
1985,243029.66666666666
1986,106526.0
1987,318160.0233333333
1988,498783.65
1989,274214.68666666665
1990,283439.67333333334
1991,331708.0933333333
1992,108183.0
1993,143480.00666666665
1994,99720.33333333333
1995,286270.0466666667
1996,245319.0
1997,102840.33333333333
1998,279034.6766666667
1999,194180.66666666666
2000,138215.33333333334
2001,298341.0266666667
2002,189539.66666666666
2003,288414.01
2004,263439.3333333333
2005,148758.66666666666
2006,126185.66666666667
2007,181689.33666666667
2008,184149.67
2009,60435.0
2010,97796.67
2011,305949.7266666667
2012,178320.66666666666
2013,244308.33666666667
2014,114778.66666666667
2015,231021.33666666667
2016,492681.89666666667
2017,71842.66666666667
2018,234569.0
2019,339946.37
2020,128861.33666666667
2021,319849.73
2022,298506.00666666665
2023,188424.0
2024,244665.00666666665
2025,329940.68333333335
2026,179950.66666666666
2027,420717.19333333336
2028,181992.67
2029,180548.66666666666
2030,216337.33333333334
2031,162050.68666666668
2032,112127.33333333333
2033,185282.66666666666
2034,203884.33666666667
2035,210885.67
2036,159458.66666666666
2037,455043.26666666666
2038,174377.66666666666
2039,474923.3433333333
2040,497487.9733333333
2041,116391.33333333333
2042,141782.0
2043,91833.66666666667
2044,131161.66666666666
2045,98846.66666666667
2046,153871.66666666666
2047,124778.0
2048,201485.33333333334
2049,181078.0
2050,272485.35333333333
2051,275949.6666666667
2052,327260.44333333336
2053,432504.97
2054,165875.33333333334
2055,120971.66666666667
2056,84567.33333333333
2057,141555.33333333334
2058,65729.62666666666
2059,101157.33333333333
2060,175096.66666666666
2061,104400.0
2062,162495.66666666666
2063,290525.0233333333
2064,225083.34333333332
2065,75807.33333333333
2066,170451.33666666667
2067,194553.33333333334
2068,244703.01
2069,119567.66666666667
2070,254947.66666666666
2071,111199.33333333333
2072,101901.33333333333
2073,239216.01666666666
2074,183559.00666666665
2075,397684.6
2076,331662.14
2077,141733.66666666666
2078,283531.0366666667
2079,276548.3933333333
2080,408339.4166666667
2081,184023.0
2082,202091.0
2083,177091.66666666666
2084,442949.0833333333
2085,203374.33666666667
2086,191848.00333333333
2087,188622.66666666666
2088,160823.0
2089,158990.33333333334
2090,160686.33333333334
2091,111761.0
2092,236110.0
2093,269331.00666666665
2094,157080.33333333334
2095,234289.66666666666
2096,354916.06333333335
2097,76529.0
2098,186187.66666666666
2099,192321.0
2100,412397.3233333333
2101,272967.6766666667
2102,325507.5
2103,158465.33333333334
2104,108292.66666666667
2105,175436.0
2106,126598.66666666667
2107,121333.01333333334
2108,168674.0
2109,111870.0
2110,158415.00333333333
2111,134037.33333333334
2112,170007.33666666667
2113,59621.666666666664
2114,439177.63
2115,111839.33333333333
2116,91574.64333333333
2117,115660.33333333333
2118,84913.66666666667
2119,193604.34333333332
2120,120763.33333333333
2121,345113.39
2122,94088.33333333333
2123,343605.35
2124,65813.66666666667
2125,233614.34
2126,180171.66666666666
2127,207047.34333333332
2128,179748.33333333334
2129,105541.33333333333
2130,171744.66666666666
2131,179215.66666666666
2132,378480.8566666667
2133,253556.33333333334
2134,113703.0
2135,113034.0
2136,195178.0
2137,325982.19
2138,277272.7233333333
2139,316704.0266666667
2140,135652.0
2141,75437.66666666667
2142,276779.3566666667
2143,329661.69
2144,130357.0
2145,145649.66666666666
2146,154410.0
2147,242458.67
2148,141162.0
2149,135751.0
2150,364281.86333333334
2151,273285.68
2152,486973.51
2153,217908.67666666667
2154,163954.0
2155,145820.0
2156,104828.33
2157,337152.10333333333
2158,175994.66666666666
2159,118888.34
2160,64320.333333333336
2161,198038.33333333334
2162,218494.01
2163,234130.67666666667
2164,406334.7833333333
2165,107082.0
2166,102986.66666666667
2167,163722.66666666666
2168,202817.67
2169,73689.0
2170,340705.34
2171,121430.66666666667
2172,153330.66666666666
2173,156031.0
2174,225602.33666666667
2175,230433.67
2176,82180.99666666667
2177,438835.7166666667
2178,173219.66666666666
2179,210342.0
2180,99081.33333333333
2181,111354.33333333333
2182,343392.17
2183,222352.68
2184,334268.37
2185,291812.38
2186,286749.00333333336
2187,94170.0
2188,213260.00333333333
2189,213415.66666666666
2190,149595.0
2191,118255.0
2192,235055.35333333333
2193,273801.0466666667
2194,168227.66666666666
2195,234025.67
2196,191533.0
2197,218707.03
2198,184869.33333333334
2199,290937.01666666666
2200,113479.66666666667
2201,105746.32333333333
2202,312286.0333333333
2203,146403.66666666666
2204,187467.34
2205,185283.33333333334
2206,308584.7133333333
2207,177005.33666666667
2208,231332.34333333332
2209,474242.04
2210,235006.66666666666
2211,296581.73
2212,398562.8333333333
2213,114136.33333333333
2214,142479.0
2215,85070.63333333333
2216,156534.0
2217,457487.5366666667
2218,193221.01666666666
2219,474049.7
2220,192965.67333333334
2221,480088.1066666667
2222,171488.33666666667
2223,224819.34
2224,247418.00666666665
2225,167758.0
2226,198577.66666666666
2227,125133.0
2228,123741.66666666667
2229,192889.67333333334
2230,156959.33333333334
2231,103436.0
2232,62941.333333333336
2233,293048.0466666667
2234,156476.33333333334
2235,333935.06
2236,105302.33333333333
2237,93456.0
2238,221637.00666666665
2239,237243.33
2240,114301.66666666667
2241,378236.43
2242,105900.33333333333
2243,172754.33333333334
2244,159891.66666666666
2245,189317.33333333334
2246,421343.2166666667
2247,301460.7133333333
2248,170318.0
2249,198314.0
2250,252977.35333333333
2251,153096.33333333334
2252,295184.00333333336
2253,184791.33333333334
2254,211484.35666666666
2255,378573.08666666667
2256,267640.68666666665
2257,167255.66666666666
2258,168967.66666666666
2259,401031.61
2260,129634.34
2261,185423.01333333334
2262,415045.81333333335
2263,120554.66666666667
2264,124659.00333333333
2265,94922.66666666667
2266,479161.06333333335
2267,147361.33333333334
2268,69698.0
2269,164972.0
2270,148220.0
2271,169077.33333333334
2272,149057.66666666666
2273,201019.01666666666
2274,124695.66666666667
2275,118270.0
2276,441017.7766666667
2277,136756.0
2278,145213.0
2279,256199.00666666665
2280,125709.0
2281,120627.66666666667
2282,174206.33333333334
2283,226610.67666666667
2284,129449.0
2285,188511.33333333334
2286,212842.00666666665
2287,131129.33333333334
2288,119866.66666666667
2289,184712.0
2290,316451.69666666666
2291,216246.0
2292,71793.33
2293,199752.66666666666
2294,348689.08666666667
2295,204271.33333333334
2296,79451.66666666667
2297,353134.57666666666
2298,276925.00666666665
2299,277888.0
2300,119472.33333333333
2301,161327.33333333334
2302,248138.66666666666
2303,126455.66666666667
2304,161183.33333333334
2305,195873.0
2306,253938.34
2307,148231.66666666666
2308,284547.05
2309,206968.0
2310,269576.35333333333
2311,173451.66666666666
2312,286579.3433333333
2313,187184.0
2314,293064.34
2315,153553.67
2316,328990.06666666665
2317,177583.68333333332
2318,51376.0
2319,123459.0
2320,125545.33333333333
2321,173161.34333333332
2322,433370.14
2323,109788.0
2324,155486.33333333334
2325,339745.0366666667
2326,210670.33333333334
2327,71408.33333333333
2328,313326.02
2329,96150.66666666667
2330,137196.0
2331,360474.7133333333
2332,78693.0
2333,191523.0
2334,173456.35333333333
2335,149137.33666666667
2336,453013.60333333333
2337,214728.67666666667
2338,67749.66333333333
2339,74503.66666666667
2340,244638.33333333334
2341,183141.66666666666
2342,305337.67
2343,279946.74666666664
2344,152392.33333333334
2345,138899.66666666666
2346,360255.03
2347,200086.00666666665
2348,158954.66666666666
2349,136385.75333333333
2350,81477.0
2351,117451.0
2352,114198.0
2353,305043.33666666667
2354,137802.66666666666
2355,214029.00666666665
2356,147049.00333333333
2357,76757.0
2358,169350.33333333334
2359,448010.2133333333
2360,114407.33333333333
2361,92901.66666666667
2362,235299.33333333334
2363,75378.66666666667
2364,198693.0
2365,173270.0
2366,277513.00666666665
2367,474722.65
2368,219830.68
2369,149572.0
2370,266708.6666666667
2371,232830.0
2372,158481.66666666666
2373,157801.0
2374,195092.33333333334
2375,79188.33333333333
2376,235332.66666666666
2377,197717.33333333334
2378,88701.66666666667
2379,491794.61333333334
2380,274892.05
2381,92941.0
2382,119348.66666666667
2383,93319.33333333333
2384,91224.66666666667
2385,122819.0
2386,284409.00333333336
2387,199483.66666666666
2388,153209.0
2389,304801.4
2390,102518.0
2391,100264.0
2392,117625.33333333333
2393,391162.82666666666
2394,222144.00333333333
2395,212077.33333333334
2396,140173.34
2397,222051.33333333334
2398,175174.34
2399,363315.4266666667
2400,310255.34
2401,207742.68333333332
2402,211081.66666666666
2403,288951.67333333334
2404,288388.06
2405,141594.66666666666
2406,97313.0
2407,87696.66666666667
2408,65129.333333333336
2409,208824.02333333335
2410,155583.66666666666
2411,153116.33
2412,116772.0
2413,176988.33333333334
2414,235648.00333333333
2415,202706.37
2416,85445.0
2417,63388.0
2418,112993.0
2419,204752.67
2420,297964.0266666667
2421,342790.38
2422,285823.7
2423,224657.34
2424,358730.50666666665
2425,201726.0
2426,463655.30666666664
2427,276396.3466666667
2428,469600.0133333333
2429,188028.33333333334
2430,211037.00333333333
2431,179744.66666666666
2432,187924.00333333333
2433,85585.66666666667
2434,377246.48333333334
2435,142215.66666666666
2436,91976.66333333333
2437,160597.66666666666
2438,225624.67666666667
2439,305653.05
2440,128827.0
2441,369377.39666666667
2442,266131.0133333333
2443,133610.66666666666
2444,205346.0
2445,298177.68
2446,251056.35333333333
2447,252286.00333333333
2448,61563.33
2449,81683.33
2450,73085.33333333333
2451,121994.66666666667
2452,104210.33
2453,206206.0
2454,113019.33333333333
2455,75350.66666666667
2456,144281.33666666667
2457,214013.00333333333
2458,98403.33333333333
2459,453060.56333333335
2460,143103.66666666666
2461,150111.33333333334
2462,149786.66666666666
2463,233395.67
2464,138572.66666666666
2465,201228.68
2466,178679.66666666666
2467,495062.25
2468,305248.29
2469,183891.67
2470,490513.9066666667
2471,192894.66666666666
2472,112211.66666666667
2473,111926.33333333333
2474,137893.32333333333
2475,93749.33333333333
2476,178776.67666666667
2477,254662.0
2478,433986.5933333333
2479,252921.34333333332
2480,96171.0
2481,133242.0
2482,130351.33333333333
2483,93884.0
2484,117654.0
2485,146608.66666666666
2486,226662.0
2487,74297.0
2488,83300.0
2489,123195.66666666667
2490,138054.0
2491,103629.33333333333
2492,76223.66666666667
2493,248571.02
2494,79483.0
2495,204415.33333333334
2496,417169.61333333334
2497,225442.01
2498,124579.66666666667
2499,203612.67666666667
2500,125642.35666666667
2501,200200.66666666666
2502,261661.33666666667
2503,358093.71
2504,187512.67
2505,321029.1433333333
2506,161643.0
2507,126912.33333333333
2508,477392.66
2509,431816.4033333333
2510,301349.2166666667
2511,308599.02
2512,125879.33333333333
2513,162483.33333333334
2514,134636.66666666666
2515,193820.33333333334
2516,152012.33333333334
2517,195947.33333333334
2518,243885.34
2519,458383.96
2520,368166.08666666667
2521,141620.33333333334
2522,199559.00333333333
2523,360385.06333333335
2524,226861.66666666666
2525,191487.0
2526,406326.9533333333
2527,246541.67
2528,308231.7
2529,312980.0266666667
2530,232342.06333333332
2531,182557.00333333333
2532,177225.0
2533,63532.666666666664
2534,152704.0
2535,269496.6666666667
2536,124486.33333333333
2537,80971.0
2538,68146.0
2539,233479.0
2540,245517.67
2541,133297.33666666667
2542,96179.67
2543,133004.66666666666
2544,161267.66666666666
2545,82144.66666666667
2546,345311.70666666667
2547,283739.69333333336
2548,140655.33333333334
2549,202199.66666666666
2550,79410.33333333333
2551,456719.9
2552,99313.0
2553,102100.0
2554,110356.66666666667
2555,322916.7133333333
2556,191774.33333333334
2557,196102.33666666667
2558,158581.66666666666
2559,155898.33333333334
2560,243335.34666666668
2561,230932.67333333334
2562,114032.33333333333
2563,299371.68
2564,337481.44333333336
2565,465522.4733333333
2566,382406.5266666667
2567,121713.66666666667
2568,236874.01333333334
2569,378321.7166666667
2570,52167.0
2571,175120.66666666666
2572,273914.01
2573,219183.0
2574,413569.62
2575,221454.34333333332
2576,232449.67
2577,227428.00333333333
2578,165819.33333333334
2579,55789.0
2580,97901.66666666667
2581,255566.00333333333
2582,173007.33333333334
2583,499148.32
2584,422937.44333333336
2585,99312.34
2586,77386.66666666667
2587,302809.3466666667
2588,149414.66666666666
2589,174183.33333333334
2590,84000.0
2591,235930.34333333332
2592,199316.33333333334
2593,250819.73
2594,55274.333333333336
2595,439866.85
2596,330885.74
2597,210773.71
2598,81668.0
2599,184857.00666666665
2600,218453.66666666666
2601,146429.33333333334
2602,98612.66666666667
2603,221122.66666666666
2604,196773.33333333334
2605,466113.63
2606,497512.96
2607,266936.6766666667
2608,295638.67
2609,119429.00333333333
2610,164844.0
2611,137809.33333333334
2612,160623.00666666665
2613,88390.66666666667
2614,308854.72
2615,135985.0
2616,116197.0
2617,159715.66666666666
2618,465117.9
2619,92652.33333333333
2620,94367.33333333333
2621,62017.666666666664
2622,196851.0
2623,168614.0
2624,336297.43
2625,113710.0
2626,136452.63666666666
2627,154189.66666666666
2628,176980.66666666666
2629,124691.0
2630,120089.66666666667
2631,122741.66666666667
2632,383594.44333333336
2633,136484.66666666666
2634,344438.53
2635,90768.0
2636,98252.66666666667
2637,340720.4266666667
2638,90780.66666666667
2639,223792.01333333334
2640,374236.13333333336
2641,70629.33333333333
2642,204568.33333333334
2643,96453.66666666667
2644,428783.2733333333
2645,183405.66666666666
2646,97166.33333333333
2647,56120.666666666664
2648,134317.33333333334
2649,348952.69
2650,251351.0
2651,273964.33666666667
2652,91656.33333333333
2653,131871.33333333334
2654,124246.00333333333
2655,83516.0
2656,91628.33333333333
2657,180483.0
2658,156814.33333333334
2659,95693.0
2660,165293.67
2661,100844.33333333333
2662,144691.0
2663,62404.65666666667
2664,194412.66666666666
2665,445020.4666666667
2666,56453.666666666664
2667,275232.0
2668,183078.0
2669,191984.0
2670,142569.66666666666
2671,86425.66666666667
2672,205367.0
2673,391307.79
2674,245283.49666666667
2675,156647.33
2676,172131.33333333334
2677,176463.33333333334
2678,343695.7133333333
2679,339027.36666666664
2680,344385.05
2681,83846.33333333333
2682,246743.67
2683,129501.99666666667
2684,179356.33333333334
2685,381176.6
2686,109136.66666666667
2687,75274.66666666667
2688,175506.66666666666
2689,166170.66666666666
2690,193152.66666666666
2691,231949.33333333334
2692,308240.0
2693,123931.33333333333
2694,169080.66666666666
2695,207464.67
2696,249288.00666666665
2697,243804.02
2698,212479.68
2699,312273.47
2700,315649.0366666667
2701,197481.33333333334
2702,61959.666666666664
2703,161811.66666666666
2704,177098.0
2705,195348.04666666666
2706,255121.00333333333
2707,233783.0
2708,147706.0
2709,72105.66666666667
2710,297851.36333333334
2711,322421.0133333333
2712,169221.33333333334
2713,105503.33333333333
2714,215275.35
2715,184883.66666666666
2716,448116.5133333333
2717,258421.38
2718,487787.1666666667
2719,113098.66666666667
2720,249639.01333333334
2721,186129.66666666666
2722,138523.01
2723,234280.02
2724,262156.34
2725,103963.66666666667
2726,341547.01
2727,168332.67333333334
2728,252023.0
2729,56589.333333333336
2730,433425.17
2731,63121.0
2732,229942.36
2733,138229.33333333334
2734,270718.6666666667
2735,172945.66666666666
2736,128128.33
2737,253944.33666666667
2738,186765.66666666666
2739,157906.0
2740,142997.33333333334
2741,161773.0
2742,79403.0
2743,100729.0
2744,128017.00333333333
2745,168604.66666666666
2746,101303.0
2747,219669.72333333333
2748,127077.33333333333
2749,153107.68
2750,127594.66666666667
2751,433079.94666666666
2752,157258.33333333334
2753,364998.43
2754,164561.33333333334
2755,211757.00666666665
2756,382594.32666666666
2757,65875.66666666667
2758,289480.34
2759,182806.0
2760,227659.67333333334
2761,191901.0
2762,149521.00333333333
2763,367114.83
2764,365240.38
2765,225536.00333333333
2766,257459.33333333334
2767,376754.07666666666
2768,68339.66666666667
2769,143312.66666666666
2770,236068.00666666665
2771,115557.67
2772,153732.66666666666
2773,85465.0
2774,437112.74333333335
2775,247927.70333333334
2776,115487.33333333333
2777,164343.0
2778,162809.33333333334
2779,363649.5
2780,137413.0
2781,108253.0
2782,400006.76
2783,104724.66666666667
2784,263431.0
2785,134494.66666666666
2786,237488.33666666667
2787,192462.00333333333
2788,228400.68666666668
2789,344179.38
2790,358604.12333333335
2791,72139.66666666667
2792,176502.33333333334
2793,89844.33
2794,233412.33333333334
2795,465750.61666666664
2796,261644.70333333334
2797,170709.33333333334
2798,114288.66666666667
2799,90381.33333333333
2800,109435.33333333333
2801,112487.66666666667
2802,83247.0
2803,257602.34333333332
2804,172004.00333333333
2805,207854.66666666666
2806,153499.33333333334
2807,312464.69333333336
2808,377814.96
2809,103817.0
2810,169317.0
2811,189023.0
2812,80903.66666666667
2813,68566.66666666667
2814,183335.0
2815,395743.13666666666
2816,290271.02
2817,122819.0
2818,377357.75333333336
2819,242523.34
2820,276610.3333333333
2821,309267.80333333334
2822,173899.67333333334
2823,92480.33
2824,245637.34
2825,256756.66666666666
2826,300096.7233333333
2827,330264.1
2828,164860.66666666666
2829,209261.66666666666
2830,159054.0
2831,475699.69666666666
2832,178535.33333333334
2833,225926.36
2834,198691.33333333334
2835,233722.33333333334
2836,369266.7166666667
2837,81428.66666666667
2838,378309.19666666666
2839,108454.33333333333
2840,87898.0
2841,130507.38
2842,115167.0
2843,188446.33333333334
2844,92835.66666666667
2845,71724.0
2846,236739.0
2847,147133.66666666666
2848,179245.66666666666
2849,366870.12
2850,215162.35
2851,233907.66666666666
2852,160062.33333333334
2853,266863.99333333335
2854,223887.0
2855,100525.33333333333
2856,91031.33333333333
2857,145129.33333333334
2858,323744.37333333335
2859,58725.333333333336
2860,221071.00333333333
2861,451563.3566666667
2862,219025.0
2863,114309.66666666667
2864,101700.0
2865,403585.32
2866,102460.0
2867,274335.36333333334
2868,125793.0
2869,266339.67333333334
2870,206106.39666666667
2871,269453.3466666667
2872,190407.34
2873,366349.8
2874,220574.33666666667
2875,163134.0
2876,102516.66666666667
2877,79738.0
2878,229774.66666666666
2879,396329.63666666666
2880,418222.2166666667
2881,292490.35
2882,470557.25333333336
2883,286453.6766666667
2884,164644.33333333334
2885,147141.66666666666
2886,254920.67
2887,89491.66666666667
2888,217489.33333333334
2889,268735.68
2890,444035.2033333333
2891,114343.33333333333
2892,156358.33333333334
2893,128438.0
2894,230348.67
2895,206570.67666666667
2896,96485.66666666667
2897,122109.0
2898,271848.01666666666
2899,247311.04
2900,339502.4
2901,381381.08
2902,111472.0
2903,188372.33333333334
2904,169559.66666666666
2905,115722.67
2906,191076.66666666666
2907,199054.67
2908,476607.3233333333
2909,137716.33666666667
2910,196833.66666666666
2911,74051.33333333333
2912,105413.0
2913,300327.7233333333
2914,158577.66666666666
2915,407777.32
2916,141729.66666666666
2917,436196.0133333333
2918,277554.0133333333
2919,130895.35333333333
2920,303917.4066666667
2921,262161.01
2922,285785.33666666667
2923,91857.98666666666
2924,228254.73333333334
2925,341045.0133333333
2926,120479.33333333333
2927,323487.24666666664
2928,272661.68666666665
2929,305762.00666666665
2930,427989.25666666665
2931,300033.36333333334
2932,110633.33333333333
2933,206084.0
2934,119963.0
2935,201051.66666666666
2936,173395.0
2937,52479.333333333336
2938,352260.13666666666
2939,118721.33666666667
2940,127454.66666666667
2941,231755.0
2942,148038.33333333334
2943,165956.66666666666
2944,135174.66666666666
2945,215229.33666666667
2946,254689.66666666666
2947,263373.0366666667
2948,140279.66666666666
2949,499077.6533333333
2950,158190.0
2951,213983.0
2952,240046.67666666667
2953,181542.0
2954,151492.66666666666
2955,113323.33333333333
2956,250383.03
2957,175992.0
2958,98784.66666666667
2959,138129.67
2960,448761.76
2961,202439.66666666666
2962,157359.0
2963,261156.68333333332
2964,224400.0
2965,187606.33666666667
2966,130708.0
2967,190508.0
2968,240840.66666666666
2969,126339.0
2970,221572.35333333333
2971,160401.0
2972,87496.33333333333
2973,167097.66666666666
2974,230684.00333333333
2975,135010.66666666666
2976,93995.0
2977,335177.7
2978,230173.35666666666
2979,201184.66666666666
2980,201465.67
2981,369508.1066666667
2982,144359.33333333334
2983,262997.6666666667
2984,197867.66666666666
2985,116945.0
2986,207485.66666666666
2987,129690.0
2988,227501.34
2989,226420.01
2990,106844.33333333333
2991,132871.0
2992,165781.33333333334
2993,339026.05666666664
2994,137300.33333333334
2995,200737.33666666667
2996,473236.4
2997,242286.67333333334
2998,139227.66666666666
2999,187553.66666666666
3000,150580.33666666667
3001,134508.33333333334
3002,218257.66666666666
3003,141881.67
3004,283484.67333333334
3005,406927.68
3006,310180.68666666665
3007,103510.0
3008,94103.33333333333
3009,359954.05333333334
3010,223081.66666666666
3011,241739.34
3012,379296.14
3013,131251.67
3014,149371.66666666666
3015,63595.333333333336
3016,52467.333333333336
3017,99354.65333333334
3018,100885.33333333333
3019,299542.37
3020,123570.0
3021,245775.33666666667
3022,266223.3333333333
3023,495804.94
3024,142876.33666666667
3025,197629.66666666666
3026,87939.99666666667
3027,419579.5466666667
3028,290568.72
3029,242129.00666666665
3030,129816.0
3031,291049.33666666667
3032,88887.66666666667
3033,236629.41666666666
3034,91429.0
3035,279485.00333333336
3036,148276.0
3037,242732.67
3038,113346.66666666667
3039,121571.66666666667
3040,73009.33333333333
3041,272982.7233333333
3042,151834.0
3043,168142.34
3044,255408.70333333334
3045,485485.42333333334
3046,177256.00666666665
3047,151018.67
3048,494111.23333333334
3049,221591.34
3050,435407.69
3051,219787.67333333334
3052,175442.0
3053,239072.69333333333
3054,428662.64
3055,203117.34
3056,218179.33666666667
3057,104928.0
3058,378595.4166666667
3059,264007.36666666664
3060,496680.96
3061,92990.33333333333
3062,227357.00666666665
3063,180680.33333333334
3064,181412.0
3065,115257.33333333333
3066,208720.66666666666
3067,161127.33333333334
3068,93635.33333333333
3069,153141.66666666666
3070,411669.30666666664
3071,425784.87
3072,165355.0
3073,340890.37333333335
3074,376251.07
3075,228397.35333333333
3076,256894.07
3077,135845.66666666666
3078,139546.66666666666
3079,104663.66666666667
3080,98592.66666666667
3081,221189.00333333333
3082,316335.34
3083,247665.33333333334
3084,225053.38
3085,213915.67333333334
3086,351409.1
3087,186472.0
3088,222416.67666666667
3089,157150.33333333334
3090,68626.66666666667
3091,187435.0
3092,173189.33333333334
3093,178153.0
3094,199142.33333333334
3095,200924.0
3096,185725.00333333333
3097,400108.47
3098,227397.66666666666
3099,299442.36666666664
3100,146450.33333333334
3101,169001.0
3102,321516.69
3103,219662.33333333334
3104,310670.03
3105,158128.33333333334
3106,149121.33333333334
3107,116011.33666666667
3108,219379.67333333334
3109,172267.33333333334
3110,92638.33333333333
3111,298596.33666666667
3112,184716.66666666666
3113,108148.0
3114,295305.12333333335
3115,461743.63333333336
3116,273828.33666666667
3117,113324.66666666667
3118,222555.33666666667
3119,287589.36333333334
3120,428056.1
3121,76885.0
3122,336056.02
3123,130472.69666666667
3124,245890.67
3125,217145.0
3126,77358.33333333333
3127,167837.66666666666
3128,168387.33333333334
3129,79733.33333333333
3130,94400.0
3131,250609.04666666666
3132,205808.0
3133,157281.99666666667
3134,250736.69666666666
3135,262049.01
3136,260545.07666666666
3137,149261.0
3138,181947.66666666666
3139,90920.33
3140,63999.666666666664
3141,88287.66666666667
3142,175012.66666666666
3143,329547.75
3144,134507.0
3145,463040.56333333335
3146,176965.34
3147,99020.33333333333
3148,165910.35666666666
3149,169869.33333333334
3150,116476.66666666667
3151,108655.66666666667
3152,78846.99666666667
3153,198982.66666666666
3154,113146.66666666667
3155,57077.0
3156,335812.06
3157,394710.9
3158,121674.66666666667
3159,215251.37666666668
3160,260723.67666666667
3161,290258.79
3162,221165.67333333334
3163,154071.0
3164,135520.0
3165,129856.33333333333
3166,113253.33333333333
3167,150446.66666666666
3168,194038.66666666666
3169,114633.66666666667
3170,260863.0
3171,213745.00666666665
3172,176079.33333333334
3173,226652.0
3174,213190.33333333334
3175,294504.56666666665
3176,87831.66666666667
3177,272972.36
3178,312715.71
3179,237741.67333333334
3180,119268.33333333333
3181,233036.66666666666
3182,116201.66666666667
3183,313983.7833333333
3184,67982.0
3185,60828.98
3186,323894.70666666667
3187,216871.03666666665
3188,159947.66666666666
3189,414598.2033333333
3190,153857.66666666666
3191,110524.0
3192,200292.33333333334
3193,306889.68333333335
3194,152405.00333333333
3195,136104.33
3196,308572.35
3197,101236.33333333333
3198,122213.0
3199,294855.35333333333
3200,246659.34666666668
3201,76222.66666666667
3202,404358.56666666665
3203,199106.0
3204,187709.33666666667
3205,255439.03333333333
3206,148655.33333333334
3207,219971.66666666666
3208,149313.00666666665
3209,218181.33333333334
3210,101028.33333333333
3211,175540.66666666666
3212,225867.68666666668
3213,260110.37
3214,123845.0
3215,112474.66666666667
3216,435574.1
3217,325198.74666666664
3218,153728.33333333334
3219,114125.66666666667
3220,319769.04333333333
3221,356810.80666666664
3222,241068.01666666666
3223,196033.66666666666
3224,329683.4733333333
3225,70269.66666666667
3226,199521.33333333334
3227,193559.0
3228,281394.42
3229,285373.05333333334
3230,130210.33333333333
3231,198506.0
3232,195831.67
3233,157269.33666666667
3234,219383.00333333333
3235,161561.67
3236,172387.0
3237,133633.66666666666
3238,221267.66666666666
3239,148574.99
3240,298317.05
3241,284867.7133333333
3242,68856.0
3243,291215.3466666667
3244,339471.0366666667
3245,215657.00666666665
3246,140044.33333333334
3247,106638.33333333333
3248,120135.0
3249,484758.13
3250,289523.0266666667
3251,169885.33333333334
3252,123587.66666666667
3253,154963.66666666666
3254,142337.66666666666
3255,222086.67333333334
3256,377556.43666666665
3257,129080.66666666667
3258,273738.0
3259,204680.66666666666
3260,430467.37666666665
3261,375298.81666666665
3262,72199.66666666667
3263,201124.67333333334
3264,115622.66666666667
3265,132864.33333333334
3266,403664.2833333333
3267,227331.67333333334
3268,192850.33333333334
3269,124421.0
3270,124008.33333333333
3271,194775.66666666666
3272,131227.01333333334
3273,115193.66666666667
3274,167689.0
3275,108679.66666666667
3276,348828.73333333334
3277,68521.0
3278,177745.66666666666
3279,262581.3466666667
3280,188532.33333333334
3281,205969.67333333334
3282,77596.0
3283,187997.00333333333
3284,148178.33333333334
3285,136649.33333333334
3286,343640.0233333333
3287,108680.0
3288,445508.7366666667
3289,166914.0
3290,97981.33333333333
3291,173748.33333333334
3292,217570.67
3293,197398.33333333334
3294,177390.33333333334
3295,107675.67666666667
3296,122144.33333333333
3297,153935.00666666665
3298,236408.00333333333
3299,232424.33333333334
3300,192396.0
3301,193143.33666666667
3302,207408.34333333332
3303,138012.0
3304,340773.6766666667
3305,127368.33666666667
3306,250437.11666666667
3307,103040.0
3308,52004.666666666664
3309,167005.66666666666
3310,313069.0133333333
3311,136036.0
3312,191881.0
3313,217790.33333333334
3314,67212.0
3315,128141.33333333333
3316,229142.03666666665
3317,183349.0
3318,83021.33333333333
3319,274488.74333333335
3320,198743.66666666666
3321,250417.66666666666
3322,114641.66666666667
3323,185469.33333333334
3324,237444.67
3325,98439.66666666667
3326,88125.66666666667
3327,60308.666666666664
3328,346130.44666666666
3329,232526.68666666668
3330,109691.33333333333
3331,153095.0
3332,259615.34333333332
3333,182282.66666666666
3334,171179.66666666666
3335,171668.0
3336,52218.666666666664
3337,116908.33
3338,52615.0
3339,330047.73
3340,352959.12
3341,141337.33333333334
3342,149995.0
3343,344304.10333333333
3344,101103.66666666667
3345,104004.66666666667
3346,112462.66666666667
3347,207440.33666666667
3348,144173.66666666666
3349,450867.8
3350,181982.0
3351,390428.16
3352,209193.67
3353,116644.66666666667
3354,471741.68333333335
3355,282538.33666666667
3356,357159.38666666666
3357,216315.67
3358,61982.0
3359,113094.33333333333
3360,120768.33333333333
3361,142476.0
3362,421750.59
3363,199871.0
3364,309045.01
3365,134015.0
3366,206529.0
3367,254341.34333333332
3368,92078.66666666667
3369,375459.44333333336
3370,159977.0
3371,236787.66666666666
3372,151658.0
3373,256245.33333333334
3374,222615.34333333332
3375,244752.0
3376,102752.66666666667
3377,169453.0
3378,156739.0
3379,138365.33333333334
3380,209249.03
3381,52345.666666666664
3382,115921.66666666667
3383,282226.6766666667
3384,180643.0
3385,223520.33666666667
3386,367422.45666666667
3387,421818.2866666667
3388,288870.41
3389,230552.33333333334
3390,169693.66666666666
3391,243665.34666666668
3392,114223.33333333333
3393,212711.67
3394,192478.33333333334
3395,263502.3466666667
3396,168852.00333333333
3397,153096.33333333334
3398,207259.02
3399,230004.34
3400,229560.66666666666
3401,238314.33333333334
3402,126802.0
3403,65901.33333333333
3404,148622.0
3405,184930.71
3406,246656.68666666668
3407,357707.43
3408,104439.66666666667
3409,214464.67333333334
3410,146008.66666666666
3411,205461.34
3412,200590.66666666666
3413,76838.0
3414,124541.66666666667
3415,318423.0466666667
3416,276171.33666666667
3417,97638.0
3418,166131.33333333334
3419,309994.04
3420,61374.666666666664
3421,202087.33666666667
3422,74395.33333333333
3423,67745.66666666667
3424,182183.33333333334
3425,119735.66666666667
3426,195270.33666666667
3427,342113.76
3428,359485.75666666665
3429,123716.0
3430,161239.0
3431,347743.39
3432,497508.30333333334
3433,302490.33666666667
3434,464080.9533333333
3435,97449.33333333333
3436,172879.66666666666
3437,220990.0
3438,117064.66666666667
3439,66109.66666666667
3440,158667.66666666666
3441,271122.41333333333
3442,102085.0
3443,341415.11666666664
3444,230916.67
3445,261978.66666666666
3446,133445.33666666667
3447,172142.0
3448,498629.6566666667
3449,433781.87
3450,142914.66666666666
3451,331967.0933333333
3452,96908.0
3453,180891.0
3454,210553.66666666666
3455,482833.50333333336
3456,113963.0
3457,108093.33333333333
3458,141615.33333333334
3459,301793.01
3460,94939.0
3461,61735.666666666664
3462,217059.0
3463,204151.0
3464,384615.00333333336
3465,145075.66666666666
3466,255551.68333333332
3467,95761.66666666667
3468,231715.67
3469,138408.33333333334
3470,118671.0
3471,69298.33333333333
3472,197505.67
3473,193439.66666666666
3474,263968.67
3475,462844.56333333335
3476,218927.67
3477,247776.36333333334
3478,317469.17
3479,117148.0
3480,170174.0
3481,174370.0
3482,93055.33333333333
3483,200047.33666666667
3484,126506.33
3485,157325.66666666666
3486,72504.33333333333
3487,170300.33333333334
3488,131747.33333333334
3489,189807.0
3490,447231.87
3491,270854.0
3492,280659.04333333333
3493,256347.33666666667
3494,136221.33333333334
3495,171388.67
3496,83304.32333333333
3497,157432.66666666666
3498,154466.66666666666
3499,111987.66666666667
3500,277175.00666666665
3501,192381.66666666666
3502,227157.33333333334
3503,169285.66666666666
3504,144623.00333333333
3505,60727.333333333336
3506,114915.99
3507,82969.32666666666
3508,61313.0
3509,214282.69
3510,145597.33333333334
3511,97008.33333333333
3512,329431.0333333333
3513,196498.66666666666
3514,421843.76666666666
3515,122181.0
3516,144750.0
3517,133819.0
3518,104138.0
3519,154365.66666666666
3520,286077.67
3521,167839.66666666666
3522,387184.89
3523,173918.33333333334
3524,189777.0
3525,197875.66666666666
3526,379182.8333333333
3527,167127.66666666666
3528,175384.67
3529,95675.0
3530,131266.66333333333
3531,113813.66666666667
3532,470674.39
3533,133368.0
3534,107605.0
3535,129514.66666666667
3536,184557.33333333334
3537,175646.33333333334
3538,274062.35
3539,250184.69333333333
3540,145070.66666666666
3541,182935.33333333334
3542,99390.0
3543,377763.2033333333
3544,93865.33333333333
3545,358159.4066666667
3546,272573.02
3547,143907.33666666667
3548,244379.0
3549,142870.0
3550,232801.0
3551,305868.36666666664
3552,178665.33333333334
3553,146173.33333333334
3554,101305.0
3555,208271.33333333334
3556,65956.71
3557,137130.0
3558,70689.33333333333
3559,269105.69666666666
3560,474457.00333333336
3561,223554.00333333333
3562,400561.57666666666
3563,364013.1766666667
3564,365703.7366666667
3565,370642.03
3566,114958.0
3567,250023.68666666668
3568,141686.33333333334
3569,286924.68666666665
3570,174433.33333333334
3571,452820.48333333334
3572,339756.13333333336
3573,350958.38333333336
3574,250431.67666666667
3575,91862.33333333333
3576,313534.01666666666
3577,169286.00333333333
3578,180119.68333333332
3579,136449.33333333334
3580,251697.00333333333
3581,130383.33333333333
3582,259341.0
3583,473756.03
3584,122621.66666666667
3585,107383.0
3586,297498.0466666667
3587,167268.33333333334
3588,173725.67666666667
3589,170181.0
3590,134715.66666666666
3591,133080.66666666666
3592,255755.66666666666
3593,125214.66666666667
3594,406124.2033333333
3595,161025.33333333334
3596,115675.33333333333
3597,215121.67333333334
3598,206904.67
3599,163932.66666666666
3600,273303.3333333333
3601,191917.66666666666
3602,470153.94666666666
3603,96596.33333333333
3604,242620.70333333334
3605,119006.66666666667
3606,157137.66666666666
3607,208597.33333333334
3608,240203.32333333333
3609,76133.33333333333
3610,218867.64666666667
3611,196248.46333333335
3612,235250.68
3613,473648.63666666666
3614,213035.00333333333
3615,184540.33333333334
3616,366917.73333333334
3617,329057.37333333335
3618,222387.33333333334
3619,154524.67
3620,261745.02333333335
3621,190897.67
3622,232241.69333333333
3623,233783.34666666668
3624,395817.48
3625,454892.8
3626,225996.01
3627,94502.33333333333
3628,281382.00666666665
3629,78953.66666666667
3630,150519.0
3631,154322.33333333334
3632,82706.33333333333
3633,149713.33333333334
3634,161268.66666666666
3635,296577.67333333334
3636,102855.33333333333
3637,135040.33333333334
3638,116346.66666666667
3639,500001.0
3640,106821.66666666667
3641,157069.0
3642,140247.33333333334
3643,253801.38333333333
3644,102690.33333333333
3645,315494.36
3646,302044.73
3647,187748.0
3648,239666.33666666667
3649,247928.67
3650,392884.16333333333
3651,104018.66666666667
3652,316807.74333333335
3653,161647.66666666666
3654,96633.33333333333
3655,258429.33666666667
3656,245225.33666666667
3657,309132.04
3658,350910.48
3659,257349.05
3660,162741.66666666666
3661,203190.34666666668
3662,145620.66666666666
3663,457977.19666666666
3664,475892.7366666667
3665,249886.40333333332
3666,226022.0
3667,193526.33333333334
3668,72468.33333333333
3669,101290.0
3670,188744.66666666666
3671,455294.2033333333
3672,175865.33333333334
3673,221824.0
3674,279172.7366666667
3675,168283.0
3676,137090.0
3677,181108.33333333334
3678,267193.67
3679,220238.33333333334
3680,143025.33333333334
3681,165316.0
3682,57267.333333333336
3683,254425.67333333334
3684,58321.0
3685,98654.66666666667
3686,206179.68
3687,92639.0
3688,228307.00333333333
3689,136315.33333333334
3690,219759.00666666665
3691,200280.33333333334
3692,362942.7133333333
3693,217966.0
3694,95676.66666666667
3695,447244.52
3696,67503.32666666666
3697,145762.33333333334
3698,64881.666666666664
3699,149531.33333333334
3700,280287.34
3701,249978.33333333334
3702,244218.68666666668
3703,105864.66666666667
3704,220871.66666666666
3705,200126.00333333333
3706,227069.00333333333
3707,102118.99666666667
3708,164742.66666666666
3709,92162.33333333333
3710,204618.34
3711,236795.06
3712,230036.67
3713,163548.66666666666
3714,363848.4533333333
3715,216412.68
3716,107774.0
3717,225839.33666666667
3718,106790.66666666667
3719,176988.33333333334
3720,267047.01
3721,265236.6666666667
3722,146614.33333333334
3723,55245.0
3724,69452.66666666667
3725,115421.33333333333
3726,116774.33333333333
3727,197773.33333333334
3728,66822.0
3729,334899.05666666664
3730,398717.67
3731,75450.65666666666
3732,482201.4733333333
3733,329438.03
3734,124535.66666666667
3735,260943.34
3736,151660.33333333334
3737,134322.66666666666
3738,272969.00333333336
3739,152129.34
3740,226465.33333333334
3741,100871.66666666667
3742,322273.7233333333
3743,174801.0
3744,256429.33666666667
3745,206261.0
3746,150882.66666666666
3747,259054.00333333333
3748,85921.66666666667
3749,154168.0
3750,218435.33666666667
3751,83946.66666666667
3752,340060.02
3753,93683.33333333333
3754,142075.66666666666
3755,95160.66666666667
3756,183318.0
3757,155833.0
3758,369849.7366666667
3759,198954.0
3760,156603.08333333334
3761,194761.33333333334
3762,193795.0
3763,299812.0133333333
3764,476983.45666666667
3765,253872.67
3766,290734.0233333333
3767,95779.0
3768,100132.33333333333
3769,204931.0
3770,62534.333333333336
3771,239631.03
3772,338090.44333333336
3773,174247.33333333334
3774,158006.33333333334
3775,363279.75
3776,161459.33333333334
3777,68868.33
3778,169205.33333333334
3779,408523.68333333335
3780,134442.66333333333
3781,189386.33666666667
3782,226903.66666666666
3783,359276.74
3784,125210.0
3785,144141.33333333334
3786,110071.33333333333
3787,176250.66666666666
3788,465369.24
3789,50976.666666666664
3790,131755.33333333334
3791,357885.76666666666
3792,184994.66666666666
3793,93472.0
3794,450004.86333333334
3795,230443.0
3796,207774.66666666666
3797,228954.00666666665
3798,254578.70333333334
3799,132288.00666666665
3800,239991.67333333334
3801,228569.33333333334
3802,195657.0
3803,218169.66666666666
3804,228361.33333333334
3805,117528.66666666667
3806,96919.33333333333
3807,143894.66666666666
3808,103984.0
3809,166889.0
3810,178949.33333333334
3811,319136.7033333333
3812,407706.4166666667
3813,160795.0
3814,212846.66666666666
3815,93938.33333333333
3816,163360.66666666666
3817,98671.66666666667
3818,183583.68666666668
3819,170565.33333333334
3820,412806.62
3821,131758.66666666666
3822,152135.0
3823,309367.3566666667
3824,155336.66666666666
3825,83123.66666666667
3826,297117.0833333333
3827,155759.33333333334
3828,243206.34
3829,387213.81666666665
3830,75730.33333333333
3831,189496.00333333333
3832,407570.82
3833,74490.33333333333
3834,399592.6566666667
3835,137006.67666666667
3836,87660.33666666667
3837,214690.44666666666
3838,100817.66333333333
3839,69830.33333333333
3840,309746.37333333335
3841,350895.03
3842,224211.00333333333
3843,127996.33333333333
3844,75199.0
3845,77930.33333333333
3846,190716.01
3847,117467.66666666667
3848,103966.33333333333
3849,199299.66666666666
3850,186038.66666666666
3851,111021.0
3852,156375.66666666666
3853,100094.66666666667
3854,84329.33333333333
3855,180573.33333333334
3856,224255.68666666668
3857,359239.13666666666
3858,267846.68333333335
3859,318195.05
3860,388972.56
3861,343690.04333333333
3862,318813.08
3863,74315.33333333333
3864,115340.33
3865,378175.76666666666
3866,225852.33333333334
3867,128455.33333333333
3868,124680.66666666667
3869,167368.66666666666
3870,148995.00333333333
3871,290097.0
3872,386307.8333333333
3873,156114.0
3874,55364.333333333336
3875,299397.6766666667
3876,208620.33333333334
3877,162467.0
3878,239481.02
3879,88871.0
3880,145643.33333333334
3881,193796.33333333334
3882,85407.66666666667
3883,124819.0
3884,216458.66666666666
3885,197823.33666666667
3886,60366.333333333336
3887,89221.33333333333
3888,147161.0
3889,213639.68333333332
3890,197400.66666666666
3891,133814.0
3892,136942.66666666666
3893,166376.66666666666
3894,92223.0
3895,124717.0
3896,192146.36333333334
3897,206571.66666666666
3898,216907.35
3899,67220.0
3900,378731.51666666666
3901,62177.333333333336
3902,408496.19
3903,322430.70666666667
3904,372060.0966666667
3905,318672.7266666667
3906,97004.0
3907,112097.66666666667
3908,129829.66666666667
3909,363523.4633333333
3910,299322.35333333333
3911,482836.52
3912,160998.0
3913,73504.0
3914,174831.0
3915,221548.68333333332
3916,145516.67
3917,241480.03333333333
3918,134056.33333333334
3919,128976.66666666667
3920,297005.70666666667
3921,305685.06333333335
3922,198776.33333333334
3923,368641.9633333333
3924,279738.01
3925,171369.67666666667
3926,281493.03
3927,260069.34
3928,211259.66666666666
3929,235748.00666666665
3930,314030.38333333336
3931,241857.00666666665
3932,72684.33333333333
3933,431536.45666666667
3934,325164.0233333333
3935,125642.0
3936,397357.0833333333
3937,224336.0
3938,150769.0
3939,190744.37
3940,156111.0
3941,228270.66666666666
3942,168065.66666666666
3943,307310.0
3944,217950.67
3945,120189.66666666667
3946,106036.33333333333
3947,378073.39666666667
3948,82580.0
3949,177106.66666666666
3950,153595.00666666665
3951,94837.66666666667
3952,311939.67333333334
3953,75927.33333333333
3954,142905.0
3955,187523.69
3956,158047.33333333334
3957,88418.33333333333
3958,229515.67333333334
3959,283706.7233333333
3960,349384.7733333333
3961,330654.33666666667
3962,367577.03
3963,187482.33333333334
3964,188884.66666666666
3965,184588.69
3966,107764.0
3967,93288.33333333333
3968,142816.0
3969,152989.0
3970,147114.66666666666
3971,99671.0
3972,197429.66666666666
3973,213883.01333333334
3974,178457.0
3975,226566.66666666666
3976,96893.0
3977,200775.33666666667
3978,194643.33333333334
3979,89066.0
3980,496928.2833333333
3981,94137.66666666667
3982,398706.0933333333
3983,175209.34333333332
3984,87216.0
3985,232767.05
3986,61773.333333333336
3987,367655.4166666667
3988,219573.99666666667
3989,280813.0366666667
3990,193747.03666666665
3991,232563.66666666666
3992,283974.0133333333
3993,105408.66666666667
3994,192716.33333333334
3995,231922.34333333332
3996,179191.33333333334
3997,57507.0
3998,197888.34
3999,122785.33333333333
4000,169932.69333333333
4001,81532.66666666667
4002,241902.00666666665
4003,69817.66
4004,226593.00333333333
4005,260601.0
4006,469028.61666666664
4007,171613.01
4008,487725.53
4009,236366.68666666668
4010,221662.01
4011,145815.33333333334
4012,304083.69666666666
4013,176866.33333333334
4014,110067.0
4015,196330.68
4016,301339.7
4017,208137.33333333334
4018,262958.00666666665
4019,59482.666666666664
4020,89933.0
4021,159069.66666666666
4022,148020.33333333334
4023,412871.56666666665
4024,260975.67
4025,104148.66666666667
4026,262209.01666666666
4027,180156.66666666666
4028,235959.66666666666
4029,243853.67
4030,251024.40333333332
4031,263308.33666666667
4032,149513.66666666666
4033,107388.66666666667
4034,353530.50333333336
4035,313487.39
4036,121077.0
4037,183333.33333333334
4038,62538.666666666664
4039,371635.49
4040,62052.666666666664
4041,300321.01
4042,262748.02
4043,176946.0
4044,192681.02666666667
4045,380544.33666666667
4046,211945.00666666665
4047,73213.33333333333
4048,496520.97
4049,146374.33333333334
4050,116965.33
4051,157171.0
4052,118389.33333333333
4053,383291.1066666667
4054,395808.83
4055,241838.0
4056,203532.68333333332
4057,218948.34666666668
4058,99074.0
4059,465155.6666666667
4060,180030.33333333334
4061,208283.33333333334
4062,266704.6766666667
4063,94501.66666666667
4064,318579.4066666667
4065,70615.33333333333
4066,342978.0366666667
4067,101668.66666666667
4068,144667.0
4069,168123.33333333334
4070,142122.00333333333
4071,233709.01
4072,225517.33333333334
4073,208001.00333333333
4074,474227.17
4075,223180.67333333334
4076,210625.67333333334
4077,489036.4666666667
4078,188888.66666666666
4079,150209.66666666666
4080,340305.34
4081,439620.1433333333
4082,150747.33333333334
4083,241851.66666666666
4084,154302.66666666666
4085,228656.66666666666
4086,158527.0
4087,154575.33333333334
4088,496514.29
4089,122042.66666666667
4090,88691.66333333333
4091,383119.85
4092,184094.33333333334
4093,135785.66666666666
4094,68783.0
4095,124249.0
4096,127689.32666666666
4097,304746.81666666665
4098,151319.0
4099,336070.76
4100,247625.01666666666
4101,424928.7366666667
4102,230922.66666666666
4103,123223.66
4104,478374.94666666666
4105,367029.15
4106,175342.33666666667
4107,69278.33333333333
4108,99466.0
4109,134918.67
4110,190652.33333333334
4111,379271.1766666667
4112,433042.11
4113,140682.00666666665
4114,108043.33333333333
4115,240197.02333333335
4116,99786.33333333333
4117,202906.03666666665
4118,86755.0
4119,228498.01666666666
4120,264220.67
4121,330828.11666666664
4122,65193.33
4123,149368.66666666666
4124,439105.12
4125,95241.33333333333
4126,354413.8
4127,159461.66666666666
